,,,,,,,,,,,,
,,,,,,,,,,,,
Video ID,Published Date,Channel ID,Video Title,Description,Thumbnail URL,Channel Title,View Count,Like Count,View/Like Ratio,Normalized Ratio,,
inpok4MKVLM,2019-09-04T15:00:07Z,UCEMArgthHuEtX-04qL_8puQ,5-Minute Meditation You Can Do Anywhere,In just 5 minutes you can reset your day in a positive way. Special thanks to John Davisi for lending us his incredibly soothing ...,https://i.ytimg.com/vi/inpok4MKVLM/default.jpg,Goodful,15857943,361600,0.022802453,8.408723737,,
1ZYbU82GVz4,2016-07-03T17:09:48Z,UCjzHeG1KWoonmf9d5KBvSiw,"Relaxing Sleep Music ‚Ä¢ Deep Sleeping Music, Relaxing Music, Stress Relief, Meditation Music (Flying)",Relaxing sleep music for deep sleeping and stress relief. Fall asleep to beautiful nature videos and use the relaxing music ...,https://i.ytimg.com/vi/1ZYbU82GVz4/default.jpg,Soothing Relaxation,352077382,2282462,0.006482841888,0.9023884367,,0.004520948664
ZToicYcHIOU,2016-10-12T22:32:12Z,UChSpME3QaSFAWK8Hpmg-Dyw,Daily Calm | 10 Minute Mindfulness Meditation | Be Present,Tamara Levitt guides this 10 minute Daily Calm mindfulness meditation to powerfully restore and re-connect with the present.,https://i.ytimg.com/vi/ZToicYcHIOU/default.jpg,Calm,14539053,184924,0.01271912277,3.770815567,,0.2219321149
O-6f5wQXSu8,2020-04-01T15:00:15Z,UCEMArgthHuEtX-04qL_8puQ,10-Minute Meditation For Anxiety,Take a moment and let this guided meditation relieve your anxiety. Written and Narrated by John Davisi. John is a mindfulness life ...,https://i.ytimg.com/vi/O-6f5wQXSu8/default.jpg,Goodful,10175409,210768,0.02071346714,7.447878028,,
d4S4twjeWTs,2017-03-26T08:00:08Z,UCFKE7WVJfvaHW5q283SxchA,Meditation For Inner Peace - Yoga With Adriene,"Dive into meditation this Spring, go inward to focus on what feels good in mind and body. Want to have a good body? Tend to the ...",https://i.ytimg.com/vi/d4S4twjeWTs/default.jpg,Yoga With Adriene,5131775,86995,0.01695222413,5.717864305,,
86m4RC_ADEY,2020-08-12T13:00:02Z,UC-ga3onzHSJFAGsIebtVeBg,"Guided Meditation for Positive Energy, Relaxation, Peace üå§",Download the audio for this guided meditation ‚Üí http://lavendaire.com/meditation-audio Enjoy this 20 minute guided meditation ...,https://i.ytimg.com/vi/86m4RC_ADEY/default.jpg,Lavendaire,3214201,75032,0.02334390413,8.657768501,,
syx3a1_LeFo,2016-09-10T00:08:04Z,UChSpME3QaSFAWK8Hpmg-Dyw,Daily Calm | 10 Minute Mindfulness Meditation | Letting Go,Tamara Levitt guides this 10 minute Daily Calm mindfulness meditation on letting go. The Daily Calm is a unique mix of meditation ...,https://i.ytimg.com/vi/syx3a1_LeFo/default.jpg,Calm,4888757,61175,0.01251340576,3.67619439,,
U9YKY7fdwyg,2020-08-15T15:00:08Z,UCEMArgthHuEtX-04qL_8puQ,10-Minute Meditation For Beginners,"Written and Narrated by John Davisi. John is a mindfulness life coach, teacher, and speaker. Check out all of his mindfulness and ...",https://i.ytimg.com/vi/U9YKY7fdwyg/default.jpg,Goodful,2362245,61783,0.0261543574,9.950458899,,
4EaMJOo1jks,2018-01-09T11:11:39Z,UCX159cvbQYBvMFvpdsbIDdA,"LET GO of Anxiety, Fear &amp; Worries: A GUIDED MEDITATION ‚û§ Harmony, Inner Peace &amp; Emotional Healing","A guided meditation: LET GO of anxiety, fear and worries, and open up to Harmony, Inner Peace and Healing. Does worrying ...",https://i.ytimg.com/vi/4EaMJOo1jks/default.jpg,PowerThoughts Meditation Club,9509280,125809,0.01323012888,4.005856908,,
z6X5oEIg6Ak,2020-09-24T15:00:15Z,UCEMArgthHuEtX-04qL_8puQ,10-Minute Meditation For Stress,"If you are feeling stressed or overwhelmed, listen to this guided meditation to re-center yourself. Written and Narrated by John ...",https://i.ytimg.com/vi/z6X5oEIg6Ak/default.jpg,Goodful,1446705,33182,0.0229362586,8.470268688,,
Xl_B45DpMLU,2018-10-30T08:33:06Z,UChSpME3QaSFAWK8Hpmg-Dyw,Daily Calm | 10 Minute Mindfulness Meditation | Self Soothing,Tamara Levitt guides this 10 minute Daily Calm mindfulness meditation as a self soothing practice. Download Calm: ...,https://i.ytimg.com/vi/Xl_B45DpMLU/default.jpg,Calm,2713428,31564,0.01163251798,3.27102303,,
M6dCovaOono,2020-05-28T01:00:02Z,UCN4vyryy6O4GlIXcXTIuZQQ,Positive Energy 10 minute Guided Meditation,"A 10 minute guided meditation that will have you feeling full of positive energy. Allow yourself to flow with your breath, inviting a ...",https://i.ytimg.com/vi/M6dCovaOono/default.jpg,Great Meditation,2449104,57816,0.02360700076,8.778781896,,
1vx8iUvfyCY,2015-07-15T02:00:50Z,UC9GoqHypa-SDrGPMyeBkjKw,Guided Meditation for Detachment From Over-Thinking (Anxiety / OCD / Depression),"This meditation encourages a calm awareness of the breath, and also a gentle detachment from the habits of rumination (ie.",https://i.ytimg.com/vi/1vx8iUvfyCY/default.jpg,Michael Sealey,23406349,186278,0.007958438969,1.581101083,,
Lju6h-C37hE,2018-12-28T12:09:59Z,UCM7XCXnxtYJkkMN0zf0tsSw,"&quot;Boost Your Aura&quot; Attract Positive Energy Meditation Music, 7 Chakra Balancing &amp; Healing","""Boost Your Aura"" Attract Positive Energy Meditation Music, 7 Chakra Balancing & Healing by Meditation and Healing. This is 3 ...",https://i.ytimg.com/vi/Lju6h-C37hE/default.jpg,Meditation and Healing,27504295,269508,0.009798760521,2.42757166,,
W8a3T8pI9Ns,2017-07-03T10:30:00Z,UCN4vyryy6O4GlIXcXTIuZQQ,15 Minute Guided Meditation ~ Relaxed Body Relaxed Mind,Relax your body and mind with this 15 min Guided Meditation.,https://i.ytimg.com/vi/W8a3T8pI9Ns/default.jpg,Great Meditation,2480279,27051,0.01090643432,2.937055057,,
sJH6_ZbgeWQ,2017-02-07T11:00:03Z,UCN4vyryy6O4GlIXcXTIuZQQ,A Powerful 10 Minute Guided Meditation,10 minute meditation guided and very powerful practice. Now Available for Download: ...,https://i.ytimg.com/vi/sJH6_ZbgeWQ/default.jpg,Great Meditation,3909051,39354,0.01006740511,2.55113688,,
wruCWicGBA4,2018-06-27T07:00:03Z,UCwobzUc3z-0PrFpoRxNszXQ,"15 Minute Meditation Music, Relaxing Music, Calming Music, Stress Relief Music, Study Music, ‚òØ3293B","15 Minute Meditation Music, Relaxing Music, Calming Music, Stress Relief Music, Study Music, ‚òØ3293B - ""Our relaxing music is ...",https://i.ytimg.com/vi/wruCWicGBA4/default.jpg,Yellow Brick Cinema - Relaxing Music,18663689,191414,0.01025595744,2.637863028,,
aEqlQvczMJQ,2020-06-05T15:00:00Z,UCEMArgthHuEtX-04qL_8puQ,10-Minute Meditation For Sleep,"If you are feeling restless, listen to this guided meditation to ease your mind and body into falling asleep. Written and Narrated by ...",https://i.ytimg.com/vi/aEqlQvczMJQ/default.jpg,Goodful,6003301,62955,0.01048673055,2.744008962,,
2f5mRTjkHJ4,2021-09-06T01:15:00Z,UCqPYhcdFgrlUXiGmPRAej1w,"Guided Sleep Meditation, Fall Asleep In Minutes Spoken Sleep Meditation With Water Sound for Sleep",Guided sleep meditation to help you fall asleep in minutes. This is a spoken sleep meditation and finishes with water sounds for ...,https://i.ytimg.com/vi/2f5mRTjkHJ4/default.jpg,Jason Stephenson - Sleep Meditation Music,2591548,20038,0.007732058214,1.47697545,,
Jyy0ra2WcQQ,2011-03-09T16:27:27Z,UC4jWo5kiyOCt4PnvF4jbaLg,Guided Meditation - Blissful Deep Relaxation,This guided meditation will gently ease you into a state of blissfully deep relaxation. ........................................................................ If you ...,https://i.ytimg.com/vi/Jyy0ra2WcQQ/default.jpg,The Honest Guys - Meditations - Relaxation,21319761,101413,0.004756760641,0.1084635995,,
fVTKlz20ZJY,2022-07-18T13:11:43Z,UCwobzUc3z-0PrFpoRxNszXQ,"üî¥ Relaxing Music 24/7, Stress Relief Music, Sleep Music, Meditation Music, Study, Calming Music","Get the new Yellow Brick Cinema iOS app for a 7-day FREE trial: https://apple.co/30uHqHe Relaxing Music 24/7, Stress Relief ...",https://i.ytimg.com/vi/fVTKlz20ZJY/default_live.jpg,Yellow Brick Cinema - Relaxing Music,235535,2065,0.008767274503,1.953131439,,
oq6j9uWrcfg,2016-09-21T13:00:04Z,UC-ga3onzHSJFAGsIebtVeBg,How to Meditate üôèüèº,"Meditation is a practice that can benefit your health and wellness in so many ways. I've been trying to meditate more lately, so I ...",https://i.ytimg.com/vi/oq6j9uWrcfg/default.jpg,Lavendaire,1706263,96106,0.05632543166,23.82788515,,
itZMM5gCboo,2020-04-30T15:00:34Z,UCEMArgthHuEtX-04qL_8puQ,15-Minute Meditation For Self Love,Close your eyes and release all the negative thoughts that you have been holding on to. It's time from some self-love. Written and ...,https://i.ytimg.com/vi/itZMM5gCboo/default.jpg,Goodful,2738810,66620,0.02432443287,9.108770517,,
wjQq0nSGS28,2021-08-04T06:16:09Z,UCMiW-YAIlZwVXp3Ip_akE_Q,Abstract Liquid! 12 Hours 4K Satisfaying Video! Relaxing Music / Screensaver for Meditation. Fluids,Lava Lamps Relaxing Video! - https://youtu.be/aXYd6Jaaews Amazing Abstract Liquid!,https://i.ytimg.com/vi/wjQq0nSGS28/default.jpg,Relaxation Time - 4K Amazing Relaxing Screensavers,1476518,7635,0.005170949491,0.2989730645,,
MIr3RsUWrdo,2016-10-03T09:00:01Z,UCu_mPlZbomAgNzfAUElRL7w,20 Minute Guided Meditation for Reducing Anxiety and Stress--Clear the Clutter to Calm Down,This is a guided meditation to take you on a journey of relaxation. You will clear the clutter of your mind to calm you. It will reduce ...,https://i.ytimg.com/vi/MIr3RsUWrdo/default.jpg,The Mindful Movement,8448149,112485,0.01331475096,4.044779506,,
jeGT1VXwfx4,2018-05-21T09:30:01Z,UCN4vyryy6O4GlIXcXTIuZQQ,10 Minute Chakra Balance Guided Meditation for Positive Energy,A 10 Minute Chakra Balancing Guided Meditation leaving you feeling full of positive Energy. Enjoy!,https://i.ytimg.com/vi/jeGT1VXwfx4/default.jpg,Great Meditation,9905253,154514,0.01559919772,5.095529014,,
QYjtxQLCHpE,2022-03-29T22:44:56Z,UCISuDLZ_9hxuNvvtnfhIUWg,Best Nature Relaxing Meditation Music and Videos - Walk in the woods with nature music,Best Nature Relaxing Meditation Music and Videos - Walk in the woods with nature music ‚úìHello everyone on our channel: Chill ...,https://i.ytimg.com/vi/QYjtxQLCHpE/default.jpg,CHILL OUT ‚ô™,766,170,0.2219321149,100,,
Hzi3PDz1AWU,2021-10-30T11:38:29Z,UCcYzLCs3zrQIBVHYA1sK2sw,&#39;How to Meditate&#39; for Beginners | Sadhguru,Sadhguru goes in depth about what meditation really is and clarifies common misunderstandings that meditation is a practice.,https://i.ytimg.com/vi/Hzi3PDz1AWU/default.jpg,Sadhguru,2978888,99975,0.03356118122,13.35728659,,
IfQt_ssuG10,2022-07-21T09:00:10Z,UCN4vyryy6O4GlIXcXTIuZQQ,5 Minute Moring Meditation ~ I Have All I Need,This 5 minute morning guided meditation helps you anchor in to positive feelings first thing in the morning. Feel your heart letting ...,https://i.ytimg.com/vi/IfQt_ssuG10/default.jpg,Great Meditation,6903,650,0.09416195857,41.23109749,,
o3W75hC8M70,2020-05-03T00:52:36Z,UCcNrmSXswsMJzuaSQknziTw,How to Make Money on YouTube With Simple Relaxation Videos,In this video I go over how to make money on YouTube with simple relaxation videos as well as revealing how you can get other ...,https://i.ytimg.com/vi/o3W75hC8M70/default.jpg,Make Money Matt,592900,26784,0.04517456569,18.69895541,,
69o0P7s8GHE,2018-11-17T01:00:00Z,UCqPYhcdFgrlUXiGmPRAej1w,Sleep Talk Down Guided Meditation: Fall Asleep Faster with Sleep Music &amp; Spoken Word Hypnosis,Calm your mind and improve your sleep with your FREE sleep guided meditation.,https://i.ytimg.com/vi/69o0P7s8GHE/default.jpg,Jason Stephenson - Sleep Meditation Music,20054646,121672,0.006067023073,0.7111292559,,
cHlioeh1WKA,2022-03-20T17:44:37Z,UCPotnGNahFjLWjfsq4KYvuQ,Nature Morning 4K | Meditation Relaxing Music | Peaceful Relaxing Music | 4K Relaxation Film,"Nature morning with Beautiful Relaxing Music with Nature Landscape is ideal for Relax, Sleep, Study, Meditation, Zen, and Yoga.",https://i.ytimg.com/vi/cHlioeh1WKA/default.jpg,Relaxation Film,351060,4454,0.01268728992,3.756173797,,
thcEuMDWxoI,2019-08-15T15:30:05Z,UCv-oUk8x6SGHMOLrCMDNrsw,Meditation Is Easier Than You Think,"In this video, Mingyur Rinpoche explains the essence of meditation and describes some common misunderstandings about ...",https://i.ytimg.com/vi/thcEuMDWxoI/default.jpg,Yongey Mingyur Rinpoche,4243937,170720,0.04022679884,16.42319058,,
TP2gb2fSYXY,2019-08-13T16:00:07Z,UC4jWo5kiyOCt4PnvF4jbaLg,Guided Sleep Meditation: The Haven of Peace. Ultra Deep Relaxation. Dark Screen,Become a member for ad-free videos: https://www.youtube.com/channel/UC4jWo5kiyOCt4PnvF4jbaLg/join Can't sleep? Slip on ...,https://i.ytimg.com/vi/TP2gb2fSYXY/default.jpg,The Honest Guys - Meditations - Relaxation,11227085,67111,0.005977597925,0.6699974459,,
Bk_qU7l-fcU,2017-12-17T19:20:28Z,UCjW-3doUmNsyY5aLQHLiNXg,Mindfulness Meditation for Kids | BREATHING EXERCISE | Guided Meditation for Children,Download our App for free: Apple iOS: https://apps.apple.com/us/app/new-horizon-kids-meditation/id1457179117#? Google Play ...,https://i.ytimg.com/vi/Bk_qU7l-fcU/default.jpg,New Horizon - Meditation & Sleep Stories,2517392,11381,0.004520948664,0,,
liwRtvwlC1Y,2018-11-28T10:39:08Z,UCphe4MtLsanO0wgTnL3432g,"Spiral Extreme1 video, hypnosis meditation trance.","Spiral extreme1, hypnosis meditation trance video. Watch at full screen. Look at the center of the video. Enhance volume of your ...",https://i.ytimg.com/vi/liwRtvwlC1Y/default.jpg,bid77media,1846603,14893,0.0080650795,1.630151246,,
TlYHJpkAvBk,2021-02-08T16:57:08Z,UCqw-uO2N5UrTN5-0oZCQ_EA,1 Hour Satisfying Video Under Relaxing Deep Sleep Music | Stress Relief Meditation,onehoursatisfyingvideo #longsatisfyingvideo #oddlysatisfying Check out Satisfying Videos Playlist: https://bit.ly/3jupSCp.,https://i.ytimg.com/vi/TlYHJpkAvBk/default.jpg,Satisfying Official,3525918,16504,0.004680766824,0.07350963746,,
2V6-8QsMsF0,2021-02-08T14:30:00Z,UCzK4g-JcQLXsn_o0ZSXyuQQ,Avoid These 3 Mistakes on Meditation YouTube Channel (IMPORTANT),Let Us Build Your YouTubeAutomation Team: https://bit.ly/done-for-you-teams Learn How to Build your YouTube Automation ...,https://i.ytimg.com/vi/2V6-8QsMsF0/default.jpg,Automation First,186400,6275,0.03366416309,13.40465392,,
QScTGcafaOo,2020-01-01T00:38:09Z,UCmEb7rZRwejgRZ98HwAimLA,"Jellyfish 4K Video for Spa w/ Meditation Music for Relaxing, Sleeping, Stress Relief &amp; Massage","A peaceful ambiance for stress relief, spiritual journey, to concentrate, to study, sleep, insomnia and relaxing. Glowing jellyfish ...",https://i.ytimg.com/vi/QScTGcafaOo/default.jpg,Relax Night and Day - Beautiful Nature & Sounds,899816,8189,0.009100749487,2.106515917,,
f5-XlWrefq4,2020-09-14T13:42:35Z,UCV699r37OLNcmG0wHVYSp0g,How To Edit Relaxing Music Video Meditation In Premiere Proüî•|Urdu|Hindi|Part-65,How To Edit Relaxing Music Video Meditation In Premiere Pro cc |Urdu|Hindi| Relaxing Music(Ambient Music With Rain ...,https://i.ytimg.com/vi/f5-XlWrefq4/default.jpg,Phull Info tech,16034,521,0.03249345142,12.86617575,,
Y-OqT5Po8KQ,2017-08-21T16:00:04Z,UCyNzXIRlwwG1HFOTIOSdzHA,"GoldLink - Meditation (Official Video) ft. Jazmine Sullivan, KAYTRANADA","GoldLink's ""Meditation"" featuring Jazmine Sullivan & KAYTRANADA. Available now on: Apple Music: http://smarturl.it/iMeditation ...",https://i.ytimg.com/vi/Y-OqT5Po8KQ/default.jpg,GoldLinkVEVO,3426244,56098,0.01637303123,5.451459908,,
JEoxUG898qY,2020-06-23T09:59:04Z,UCp53H8JdZP8Qzm9zJe10rRA,15 Minutes OM Meditation,OM Mantra meditation 15 minutes. Om mantra Chanting for yoga & Meditation. iTunes: ...,https://i.ytimg.com/vi/JEoxUG898qY/default.jpg,DailyDivine,28308852,284987,0.01006706312,2.550979581,,
KQOAVZew5l8,2017-08-13T18:09:33Z,UCq2E1mIwUKMWzCA4liA_XGQ,BEGINNER&#39;S GUIDE TO MEDITATION ¬ª for a positive &amp; productive day (part 1),Watch part 2: https://youtu.be/0eKD-mDa3CA ‚Äç‚ôÄÔ∏è Watch part 3: https://youtu.be/zFotlhvCzWc Where I learned Vipassana ...,https://i.ytimg.com/vi/KQOAVZew5l8/default.jpg,Pick Up Limes,2653822,63690,0.02399934886,8.959245534,,
ayfe4XWCZdg,2018-06-29T03:00:01Z,UC4rlAVgAK0SGk-yTfe48Qpw,How to Meditate: 6 Easy Tips for Beginners,"How to Meditate. Meditation not only reduces stress and improves your physical well-being, it's also good exercise for the brain.",https://i.ytimg.com/vi/ayfe4XWCZdg/default.jpg,BRIGHT SIDE,1523175,37593,0.02468068344,9.272630807,,
Ho91a_GwYxs,2015-12-27T11:31:19Z,UCM7XCXnxtYJkkMN0zf0tsSw,"Meditation Music for Positive Energy - Relax Mind Body, Clearing Subconscious Negativity &amp; Blockages","Meditation Music for Positive Energy - Relax Mind Body, Clearing Subconscious Negativity & Blockages Namaste, Meditation ...",https://i.ytimg.com/vi/Ho91a_GwYxs/default.jpg,Meditation and Healing,2246583,18592,0.008275679109,1.727018216,,
eIvacnfAEwQ,2021-01-11T14:30:03Z,UCzK4g-JcQLXsn_o0ZSXyuQQ,Can you MONETIZE Meditation Videos on YouTube? | Meditation Channel Monetization EXPLAINED,Let Us Build Your YouTubeAutomation Team: https://bit.ly/done-for-you-teams Learn How to Build your YouTube Automation ...,https://i.ytimg.com/vi/eIvacnfAEwQ/default.jpg,Automation First,71461,2766,0.03870642728,15.72388356,,
xzLIR_Xg7Gg,2021-04-25T12:48:26Z,UCgwrLBM36uVb7eNc3QAvGyw,How To Monetize Meditation and Relaxing Music Video Channels,How to monetize meditation and relaxing music video channels. You can make money with meditation and relaxing music video ...,https://i.ytimg.com/vi/xzLIR_Xg7Gg/default.jpg,We Tech Tube,63023,2276,0.03611379972,14.53138383,,
VHB3_W8cTto,2021-12-04T12:30:14Z,UCCZIevhN62jJ2gb-u__M95g,1 Hour Satisfying Video Under Relaxing Deep Sleep Music | Stress Relief Meditation,FOLLOW ODDLY SATISFYING ON: TikTok: http://www.tiktok.com/@oddlysatisfying Instagram: ...,https://i.ytimg.com/vi/VHB3_W8cTto/default.jpg,Oddly Satisfying,19364308,125643,0.006488380581,0.9049360027,,
NVPrxcR_RZI,2019-12-30T12:34:43Z,UC6ashd-m9GHYP6wozPCoC8A,10 Minute Manifestation Meditation (Powerful Visualisation),A powerful 10 minute manifestation meditation taking you on a visualisation journey to manifest your goal. Before you start this ...,https://i.ytimg.com/vi/NVPrxcR_RZI/default.jpg,Jessica Heslop - Manifest by Jess,5913802,134509,0.02274492788,8.382264598,,
r3neFV38TJQ,2019-12-09T03:15:00Z,UCZ_1x3ojrmgIuX52A8psuvA,Meditation&#39;s Impact on the Brain | Documentary Clip,"This is a clip from the feature documentary ""A Joyful Mind"". You can find the full documentary and more information at ...",https://i.ytimg.com/vi/r3neFV38TJQ/default.jpg,A Joyful Mind,4986471,118830,0.02383048051,8.88157319,,